<?xml version="1.0" encoding="UTF-8"?>
<infinispan
        xmlns:xsi="http://www.w3.org/2001/XMLSchema-instance"
        xsi:schemaLocation="urn:infinispan:config:5.2 http://www.infinispan.org/schemas/infinispan-config-5.2.xsd"
        xmlns="urn:infinispan:config:5.2">
    <global>
        <globalJmxStatistics
                enabled="false"
                jmxDomain="org.demo"
                />
        <transport
                clusterName="scenario-4-repl-cluster">
            <properties>
                <property
                        name="configurationFile"
                        value="jgroups.xml"/>
            </properties>
        </transport>

    </global>
    <default>
        <locking
                isolationLevel="REPEATABLE_READ"
                concurrencyLevel="32"
                writeSkewCheck="true"
                useLockStriping="false"
                lockAcquisitionTimeout="5000"/>
        <jmxStatistics
                enabled="false"/>
        <deadlockDetection
                enabled="false"/>
        <transaction
                transactionManagerLookupClass="org.infinispan.transaction.lookup.JBossStandaloneJTAManagerLookup"
                useEagerLocking="false"
                transactionMode="TRANSACTIONAL"
                syncRollbackPhase="false"
                cacheStopTimeout="30000"
                useSynchronization="false"
                syncCommitPhase="true"
                lockingMode="OPTIMISTIC"
                eagerLockSingleNode="false"
                use1PcForAutoCommitTransactions="false"
                autoCommit="true"/>
        <versioning
                enabled="true"
                versioningScheme="SIMPLE"/>
        <clustering mode="r">
            <sync
                    replTimeout="15000"
                    />
            <stateTransfer
                    fetchInMemoryState="true"
                    />
        </clustering>
        <loaders passivation="false" shared="true" preload="false">
            <loader class="org.infinispan.loaders.file.FileCacheStore"
                    fetchPersistentState="true"
                    purgerThreads="3"
                    purgeSynchronously="true"
                    ignoreModifications="false"
                    purgeOnStartup="true">
                <properties>
                    <property name="location" value="/tmp/fs-store"/>
                </properties>
                <async enabled="true" flushLockTimeout="15000" threadPoolSize="5"/>
            </loader>
        </loaders>
    </default>
</infinispan>

